Product_group,Product_ID,Product_category,Product_name,Product_Price
ÁO NAM,THMOL415,Áo sơ mi nam công sở,Áo sơ mi bamboo cao cấp,"501,709"
ÁO NAM,THMOL435,Áo sơ mi nam công sở,Áo sơ mi caro dài tay,"515,455"
ÁO NAM,THMOL436,Áo sơ mi nam công sở,Áo sơ mi caro nam cao cấp,"736,364"
ÁO NAM,THMOL423,Áo sơ mi nam công sở,Áo sơ mi caro nam dài tay cao cấp,"515,455"
ÁO NAM,THMOL456,Áo sơ mi nam công sở,Áo sơ mi caro nam dài tay cao cấp,"736,364"
ÁO NAM,THMOL464,Áo sơ mi nam công sở,Áo sơ mi caro nam dài tay ,"756,000"
ÁO NAM,THMOL465,Áo sơ mi nam công sở,Áo sơ mi caro nam dài tay ,"756,000"
ÁO NAM,THMOL409,Áo sơ mi nam công sở,Áo sơ mi caro nam dài tay ,"477,655"
ÁO NAM,THMOL421,Áo sơ mi nam công sở,Áo sơ mi công sở ,"484,527"
ÁO NAM,THMCL215,Áo sơ mi nam công sở,Áo sơ mi casual nam dài tay,"446,727"
ÁO NAM,THMCL228,Áo sơ mi nam công sở,Áo sơ mi casual nam dài tay,"692,182"
ÁO NAM,THMOS437,Áo sơ mi nam công sở,Áo sơ mi caro nam công sở,"479,782"
ÁO NAM,THMOS425,Áo sơ mi nam công sở,Áo sơ mi caro nam ngắn tay sợi tre,"470,782"
ÁO NAM,THMOS426,Áo sơ mi nam công sở,Áo sơ mi caro nam ngắn tay sợi tre,"470,782"
ÁO NAM,THMOS465,Áo sơ mi nam công sở,Áo sơ mi caro nam ngắn tay sợi tre,"687,273"
ÁO NAM,THMCS226,Áo sơ mi nam công sở,Áo sơ mi caro nam họa tiết,"436,419"
ÁO NAM,THMOS436,Áo sơ mi nam công sở,Áo sơ mi caro nam ngắn tay cao cấp,"672,545"
ÁO NAM,THMOS435,Áo sơ mi nam công sở,Áo sơ mi caro nam ngắn tay,"470,782"
ÁO NAM,THMCS219,Áo sơ mi nam công sở,Áo sơ mi casual ngắn tay cao cấp,"436,419"
ÁO NAM,THMOS421,Áo sơ mi nam công sở,Áo sơ mi casual ngắn tay ,"436,419"
ÁO NAM,THMOL437,Áo sơ mi nam công sở,Áo sơ mi casual ngắn tay cao cấp,"515,455"
ÁO NAM,THMOS427,Áo sơ mi nam công sở,Áo sơ mi công sở nam sợi tre,"470,782"
ÁO NAM,THMOL407,Áo sơ mi nam công sở,Áo sơ mi nam dài tay cao cấp,"470,782"
ÁO NAM,THMOL434,Áo sơ mi nam công sở,Áo sơ mi nam dài tay cao cấp,"515,455"
ÁO NAM,THMOL432,Áo sơ mi nam công sở,Áo sơ mi nam dài tay cao cấp,"515,455"
ÁO NAM,THMOL463,Áo sơ mi nam công sở,Áo sơ mi nam vãi vỏ hàu,"756,000"
ÁO NAM,THMOL468,Áo sơ mi nam công sở,Áo sơ mi trắng nam dài tay,"618,545"
ÁO NAM,THMOL467,Áo sơ mi nam công sở,Áo sơ mi trắng nam dài tay,"540,000"
ÁO NAM,THMOL455,Áo sơ mi nam công sở,Áo sơ mi trắng nam dài tay,"540,000"
ÁO NAM,THMOL440,Áo sơ mi nam công sở,Áo sơ mi trắng nam dài tay cao cấp,"692,182"
ÁO NAM,THLXL101,Áo sơ mi nam công sở,Áo sơ mi dài tay công sở nam,"972,000"
ÁO NAM,THMOL419,Áo sơ mi nam công sở,Áo sơ mi dài tay công sở nam cao cấp,"567,000"
ÁO NAM,THMOL443,Áo sơ mi nam công sở,Áo sơ mi dài tay nam sợi tre,"736,364"
ÁO NAM,THMOL444,Áo sơ mi nam công sở,Áo sơ mi dài tay nam màu xanh,"736,364"
ÁO NAM,THMOL428,Áo sơ mi nam công sở,Áo sơ mi dài tay nam chất bamboo,"515,455"
ÁO NAM,THMOL430,Áo sơ mi nam công sở,Áo sơ mi dài tay nam màu xám,"515,455"
ÁO NAM,THMCL229,Áo sơ mi nam công sở,Áo sơ mi dài tay nam họa tiết,"692,182"
ÁO NAM,THLM021,Áo sơ mi nam công sở,Áo sơ mi dài tay limited chất Linen,"476,575"
ÁO NAM,THMOL458 ,Áo sơ mi nam công sở,Áo sơ mi dài tay nam chất bamboo cao cấp,"736,364"
ÁO NAM,THMOL420,Áo sơ mi nam công sở,Áo sơ mi dài tay  cao cấp nam chất bamboo,"546,382"
ÁO NAM,THMOL459,Áo sơ mi nam công sở,Áo sơ mi dài tay nam chất bamboo,"736,364"
ÁO NAM,THLM022,Áo sơ mi nam công sở,Áo sơ mi nam cao cấp phiên bản giới hạn,"547,265"
ÁO NAM,THMOS423,Áo sơ mi nam công sở,Áo sơ mi nam caro cao cấp,"470,782"
ÁO NAM,THMOL463,Áo sơ mi nam công sở,Áo sơ mi nam caro cao cấp sợi bamboo,"756,000"
ÁO NAM, THMOS463,Áo sơ mi nam công sở,Áo sơ mi nam caro cao cấp ngắn tay sợi bamboo,"687,273"
ÁO NAM,THMOS449,Áo sơ mi nam công sở,Áo sơ mi nam caro cao cấp ngắn tay nano,"687,273"
ÁO NAM,THMCL234,Áo sơ mi nam công sở,Áo sơ mi nam casual dài tay ,"756,000"
ÁO NAM,THMCS233,Áo sơ mi nam công sở,Áo sơ mi nam casual ngắn tay ,"672,545"
ÁO NAM,THMCS234,Áo sơ mi nam công sở,Áo sơ mi nam casual ngắn tay ,"672,545"
ÁO NAM,THMOL432,Áo sơ mi nam công sở,Áo sơ mi dài tay vải vi hàu,"515,455"
ÁO NAM,THMOS434,Áo sơ mi nam công sở,Áo sơ mi dài tay vải vi hàu sọc dọc,"470,782"
ÁO NAM,THMOS471,Áo sơ mi nam công sở,Áo sơ mi nam công sở cao cấp,"672,545"
ÁO NAM,THMOL414,Áo sơ mi nam công sở,Áo sơ mi nam dài tay cao cấp,"501,709"
ÁO NAM,THMOL448,Áo sơ mi nam công sở,Áo sơ mi nam dài tay cao cấp chất nano,"716,727"
ÁO NAM,THMOS424,Áo sơ mi nam công sở,Áo sơ mi nam công sở sợi bamboo,"470,782"
ÁO NAM,THMOS447,Áo sơ mi nam công sở,Áo sơ mi nam ngắn tay chất liệu nano,"672,545"
ÁO NAM,THMOS448,Áo sơ mi nam công sở,Áo sơ mi nam ngắn tay chất liệu nano,"648,000"
ÁO NAM,THMOL470,Áo sơ mi nam công sở,Áo sơ mi nam dài tay chất liệu nano,"756,000"
ÁO NAM,THMOS428,Áo sơ mi nam công sở,Áo sơ mi nam công sở ngắn tay,"470,782"
ÁO NAM,THLXL100,Áo sơ mi nam công sở,Áo sơ mi nam cao cấp dài tay màu xám,"972,000"
ÁO NAM, THMOL422,Áo sơ mi nam công sở,Áo sơ mi nam cao cấp dài tay màu đen,"484,527"
ÁO NAM,THLXL098,Áo sơ mi nam công sở,Áo sơ mi dài tay hàng hiệu màu Navy,"972,000"
ÁO NAM,THMOL439,Áo sơ mi nam công sở,Áo sơ mi dài tay cao cấp,"515,455"
ÁO NAM,THMOL460,Áo sơ mi nam công sở,Áo sơ mi dài tay cao cấp màu xám,"756,000"
ÁO NAM,THMOL424,Áo sơ mi nam công sở,Áo sơ mi dài tay cao cấp nam màu đen,"515,455"
ÁO NAM,THMOL416,Áo sơ mi nam công sở,Áo sơ mi dài tay cao cấp nam xanh đen,"529,200"
ÁO NAM,THLM023,Áo sơ mi nam công sở,Áo sơ mi nam hàng hiệu,"547,265"
ÁO NAM,THMCS218,Áo sơ mi nam công sở,Áo sơ mi nam họa tiết cao cấp,"436,419"
ÁO NAM,THMCL219,Áo sơ mi nam công sở,Áo sơ mi nam họa tiết cao cấp dài tay,"484,527"
ÁO NAM,THMCS232,Áo sơ mi nam công sở,Áo sơ mi nam họa tiết cao cấp ngắn tay ,"672,545"
ÁO NAM,THMCS230,Áo sơ mi nam công sở,Áo sơ mi nam họa tiết cao cấp ngắn tay ,"623,455"
ÁO NAM,THLXL094,Áo sơ mi nam công sở,Áo sơ mi nam Luxury dài tay họa tiết,"583,200"
ÁO NAM,THLXL092,Áo sơ mi nam công sở,Áo sơ mi nam Luxury dài tay họa tiết sọc dọc,"583,200"
ÁO NAM,THLXL095,Áo sơ mi nam công sở,Áo sơ mi nam Luxury dài tay họa tiết sọc dọc,"583,200"
ÁO NAM,THMOS443,Áo sơ mi nam công sở,Áo sơ mi nam màu xanh ngắn tay sợi tre,"672,545"
ÁO NAM,THLXS097,Áo sơ mi nam công sở,Áo sơ mi nam màu xanh ngắn tay sợi tre cao cấp,"903,273"
ÁO NAM,THMOS429,Áo sơ mi nam công sở,Áo sơ mi nam màu xanh ngắn tay họa tiết,"470,782"
ÁO NAM,THLXS101,Áo sơ mi nam công sở,Áo sơ mi nam màu xanh ngắn tay công sở,"903,273"
ÁO NAM,THMOS453,Áo sơ mi nam công sở,Áo sơ mi nam màu xanh ngắn tay công sở sợi bamboo,"672,545"
ÁO NAM,THMOS460,Áo sơ mi nam công sở,Áo sơ mi nam màu xanh ngắn tay màu xanh sợi bamboo,"687,273"
ÁO NAM,THMOS409,Áo sơ mi nam công sở,Áo sơ mi nam màu xanh ngắn tay,"618,545"
ÁO NAM,THMOS462,Áo sơ mi nam công sở,Áo sơ mi nam màu xanh ngắn tay sợi bamboo,"687,273"
ÁO NAM,THMOS466,Áo sơ mi nam công sở,Áo sơ mi nam màu xanh ngắn tay sợi bamboo,"672,545"
ÁO NAM,THMOS472,Áo sơ mi nam công sở,Áo sơ mi nam màu xanh ngắn tay sợi bamboo,"623,455"
ÁO NAM,THMOS430,Áo sơ mi nam công sở,Áo sơ mi nam ngắn tay chất liệu nano,"470,782"
ÁO NAM,THMOL438,Áo sơ mi nam công sở,Áo sơ mi nam sợi tre,"515,455"
ÁO NAM,THMOL469,Áo sơ mi nam công sở,Áo sơ mi nam sợi tre tay dài,"756,000"
ÁO NAM,THMOS459,Áo sơ mi nam công sở,Áo sơ mi nam sợi tre tay ngắn,"672,545"
ÁO NAM,THMOS469,Áo sơ mi nam công sở,Áo sơ mi nam sợi tre tay ngắn,"687,273"
ÁO NAM,THLXL102,Áo sơ mi nam công sở,Áo sơ mi nam tay dài cao cấp,"972,000"
ÁO NAM,THMCL235,Áo sơ mi nam công sở,Áo sơ mi nam tay dài casual,"756,000"
ÁO NAM,THMOL445,Áo sơ mi nam công sở,Áo sơ mi công sở chất liệu nano,"716,727"
ÁO NAM,THMOL446,Áo sơ mi nam công sở,Áo sơ mi nam công sở có họa tiết,"736,364"
ÁO NAM,THMOL453,Áo sơ mi nam công sở,Áo sơ mi nam công sở sợi bamboo,"736,364"
ÁO NAM,THMOL462,Áo sơ mi nam công sở,Áo sơ mi nam công sở sợi bamboo màu xanh,"756,000"
ÁO NAM,THMOL466,Áo sơ mi nam công sở,Áo sơ mi nam công sở sợi bamboo màu xám,"736,364"
ÁO NAM,THMOL472,Áo sơ mi nam công sở,Áo sơ mi nam công sở sợi bamboo cao cấp,"672,545"
ÁO NAM,THMCL234,Áo sơ mi nam casual,Áo sơ mi nam casual dài tay ,"756,000"
ÁO NAM,THMCS234,Áo sơ mi nam casual,Áo sơ mi nam casual ngắn tay ,"672,545"
ÁO NAM,THMCL235,Áo sơ mi nam casual,Áo sơ mi nam casual dài tay cao cấp,"756,000"
ÁO NAM,THMCS235,Áo sơ mi nam casual,Áo sơ mi nam casual dài tay họa tiết,"672,545"
ÁO NAM,THMCS233,Áo sơ mi nam casual,Áo sơ mi nam casual ngắn tay ,"672,545"
ÁO NAM,THMCS231,Áo sơ mi nam casual,Áo sơ mi nam casual ngắn tay nam họa tiết,"672,545"
ÁO NAM,THMCS232,Áo sơ mi nam casual,Áo sơ mi nam casual ngắn tay  nam ,"672,545"
ÁO NAM,THMCS230,Áo sơ mi nam casual,Áo sơ mi nam casual nam ngắn tay cao cấp,"672,545"
ÁO NAM,THMCS227,Áo sơ mi nam casual,Áo sơ mi nam casual nam ngắn tay cao cấpmàu xanh,"623,455"
ÁO NAM,THMCS228,Áo sơ mi nam casual,Áo sơ mi nam casual nam ngắn tay cao cấp,"623,455"
ÁO NAM,THMCS229,Áo sơ mi nam casual,Áo sơ mi nam casual nam ngắn tay cao cấp màu nâu,"623,455"
ÁO NAM,THMCS226,Áo sơ mi nam casual,Áo sơ mi nam casual nam ngắn tay cao cấp,"436,419"
ÁO NAM,THMCL225,Áo sơ mi nam casual,Áo sơ mi casual dài tay nam ,"484,527"
ÁO NAM,THMCL226,Áo sơ mi nam casual,Áo sơ mi casual dài tay nam sợi tre,"484,527"
ÁO NAM,THMCS222,Áo sơ mi nam casual,Áo sơ mi nam casual ngắn tay nam màu ghi,"436,419"
ÁO NAM,THMCS223,Áo sơ mi nam casual,Áo sơ mi nam casual ngắn tay nam màu xám,"436,419"
ÁO NAM,THMCS224,Áo sơ mi nam casual,Áo sơ mi nam casual ngắn tay nam màu ghi xanh,"436,419"
ÁO NAM,THMCS221,Áo sơ mi nam casual,Áo sơ mi nam casual ngắn tay nam màu xanh đen,"436,419"
ÁO NAM,THMCS217,Áo sơ mi nam casual,Áo sơ mi nam casual ngắn tay nam cao cấp,"426,109"
ÁO NAM,THMCS219,Áo sơ mi nam casual,Áo sơ mi nam casual ngắn tay nam,"484,527"
ÁO NAM,THMCL215,Áo sơ mi nam casual,Áo sơ mi casual nam dài tay,"446,727"
ÁO NAM,THMCL216,Áo sơ mi nam casual,Áo sơ mi nam casual ngắn tay nam họa tiết,"426,109"
ÁO NAM,THMCS220,Áo sơ mi nam casual,Áo sơ mi casual cao cấp ,"436,419"
ÁO NAM,THMCS218,Áo sơ mi nam casual,Áo sơ mi casual họa tiết cao cấp ,"436,419"
ÁO NAM,THLXS098,Áo sơ mi nam Luxury,Áo sơ mi nam ngắn tay hàng hiệu màu Navy,"903,273"
ÁO NAM,THLXL098,Áo sơ mi nam Luxury,Áo sơ mi nam ngắn tay hàng hiệu màu Đen,"972,000"
ÁO NAM,THLXS102,Áo sơ mi nam Luxury,Áo sơ mi nam ngắn tay hàng hiệu màu Ghi,"903,273"
ÁO NAM,THLXS100,Áo sơ mi nam Luxury,Áo sơ mi nam ngắn tay hàng hiệu màu Xanh đen,"903,273"
ÁO NAM,THLXL100,Áo sơ mi nam Luxury,Áo sơ mi nam dài tay hàng hiệu màu Navy họa tiết,"972,000"
ÁO NAM,THLXS101,Áo sơ mi nam Luxury,Áo sơ mi nam ngắn tay hàng hiệu màu Đen hoạ tiết,"903,273"
ÁO NAM,THLXS097,Áo sơ mi nam Luxury,Áo sơ mi nam ngắn tay hàng hiệu màu Ghi cao cấp,"903,273"
ÁO NAM,THLXS092,Áo sơ mi nam Luxury,Áo sơ mi nam ngắn tay hàng hiệu màu Navy cao cấp,"583,200"
ÁO NAM,THLXL093,Áo sơ mi nam Luxury,Áo sơ mi dài tay cao cấp màu xanh ,"583,200"
ÁO NAM,THLXL094,Áo sơ mi nam Luxury,Áo sơ mi dài tay cao cấp màu ruby,"583,200"
ÁO NAM,THLXL095,Áo sơ mi nam Luxury,Áo sơ mi dài tay cao cấp màu xanh đen,"583,200"
ÁO NAM,THLXL099,Áo sơ mi nam Luxury,Áo sơ mi dài tay cao cấp màu xanh trắng,"972,000"
ÁO NAM,THLXL097,Áo sơ mi nam Luxury,Áo sơ mi dài tay cao cấp màu xanh họa tiết,"972,000"
ÁO NAM,THMTS056,Áo thun nam cao cấp,Áo thun nam cao cấp,"756,000"
ÁO NAM,THMTS055,Áo thun nam cao cấp,Áo thun nam cao cấp màu Mint,"721,636"
ÁO NAM,THMTS054,Áo thun nam cao cấp,Áo thun nam cao cấp ngắn tay màu Mint,"702,000"
ÁO NAM,THMTS053,Áo thun nam cao cấp,Áo polo nam dệt kim màu Olive,"702,000"
ÁO NAM,THMTS052,Áo thun nam cao cấp,Áo polo nam ngắn tay dệt kim màu Olive,"520,364"
ÁO NAM,THMTS051,Áo thun nam cao cấp,Áo polo ngắn tay nam dệt kim màu Cream,"470,782"
ÁO NAM,THMTS050,Áo thun nam cao cấp,Áo polo ngắn tay nam dệt kim màu xanh ruby,"491,400"
ÁO NAM,THMTS048,Áo thun nam cao cấp,Áo polo ngắn tay nam dệt kim màu đen,"491,400"
ÁO NAM,THMTS047,Áo thun nam cao cấp,Áo thun nam cao cấp chất cotton,"468,720"
ÁO NAM,THMTS044,Áo thun nam cao cấp,Áo thun nam ngắn taycao cấp chất cotton,"426,109"
Quần Nam,THMPP053,Quần tây nam công sở,Quần tây nam công sở có ly,"347,073"
Quần Nam,THMP062,Quần tây nam công sở,Quần tây nam công sở không ly màu xám nhạt,"608,727"
Quần Nam,THMP063,Quần tây nam công sở,Quần tây nam công sở không ly màu D.Navy,"608,727"
Quần Nam,THMP064,Quần tây nam công sở,Quần tây nam công sở không ly màu Stone,"692,182"
Quần Nam,THMP065,Quần tây nam công sở,Quần tây nam công sở không ly màu đen,"697,091"
Quần Nam,THMPP063,Quần tây nam công sở,Quần tây nam công sở không ly màu xanh đen,"623,455"
Quần Nam,THMP058,Quần tây nam công sở,Quần tây nam công sở không ly chất liệu nano,"692,182"
Quần Nam,THMP054,Quần tây nam công sở,Quần tây nam công sở không ly chất liệu nano cao cấp,"484,527"
Quần Nam,THMP052,Quần tây nam công sở,Quần tây nam công sở không ly  màu đen cao cấp,"484,527"
Quần Nam,THMPP058,Quần tây nam công sở,Quần tây nam có 1 ly cao cấp,"702,000"
Quần Nam,THMPP054,Quần tây nam công sở,Quần tây nam có 1 ly cao cấp màu đen,"491,400"
Quần Nam,THMPP065,Quần tây nam công sở,Quần tây nam có 1 ly cao cấp màu xanh,"731,455"
Quần Nam,THMP061,Quần tây nam công sở,Quần tây nam chất liệu nano,"765,818"
Quần Nam,THMP059,Quần tây nam công sở,Quần tây nam chất liệu nano màu xanh ,"765,818"
Quần Nam,THMP057,Quần tây nam công sở,Quần tây nam chất liệu nano màu đen cao cấp,"536,073"
Quần Nam,THMP055,Quần tây nam công sở,Quần tây nam chất liệu nano màu xám cao cấp,"536,073"
Quần Nam,THMP056,Quần tây nam công sở,Quần tây nam chất liệu nano màu Olive cao cấp,"536,073"
Quần Nam,THMKP028,Quần kaki nam,Quần kaki nam có ly màu TAN,"765,818"
Quần Nam,THMK028,Quần kaki nam,Quần kaki nam công sở có ly màu TAN,"765,818"
Quần Nam,THMK027,Quần kaki nam,Quần kaki nam có ly màu Olive,"536,073"
Quần Nam,THMK025,Quần kaki nam,Quần kaki nam có ly màu Navy,"536,073"
Quần Nam,THMK026,Quần kaki nam,Quần kaki nam công sở có ly màu D.Navy,"536,073"
Quần Nam,THMQS051,Quần short nam cao cấp,Quần short nam màu Navy,"486,000"
Quần Nam,THMQS049,Quần short nam cao cấp,Quần short nam màu L.Blue,"340,200"
Quần Nam,THMQS047,Quần short nam cao cấp,Quần short nam màu L.Grey,"340,200"
Quần Nam,THMQS042,Quần short nam cao cấp,Quần short nam cao cấp,"340,200"
Quần Nam,THMJ004,Quần short nam cao cấp,Quần jean nam cao cấp màu Đen,"770,727"
Quần Nam,THMJ003,Quần short nam cao cấp,Quần jean nam cao cấp màu Grey,"532,636"
Quần Nam,THMBX011,Quần đùi nam,Quần đùi mặc nhà cao cấp Merriman,"92,782"
Quần Nam,THMBX012,Quần đùi nam,Quần đùi mặc nhà cao cấp Merriman,"132,545"
Quần Nam,THMU003,Quần underwear nam,Quần lót brief nam cao cấp Merriman ,"72,164"
Quần Nam,THMU004,Quần underwear nam,Quần underwear cao cấp kiểu boxer,"82,473"
Vest nam,THMOV050,Áo khoác blazer nam cao cấp,Áo khoác blazer nam cao cấp Merriman ,"1,855,636"
Vest nam,THMOV051,Áo khoác blazer nam cao cấp,Áo khoác blazer nam cao cấp màu D.Navy,"1,855,636"
Vest nam,THMOV052,Áo khoác blazer nam cao cấp,Áo khoác blazer nam cao cấp màu BLUE,"1,855,636"
Vest nam,THMOV053,Áo khoác blazer nam cao cấp,Áo khoác blazer nam cao cấp ,"1,855,636"
Vest nam,THMOV054,Áo khoác blazer nam cao cấp,Áo khoác blazer nam cao cấp màu NAVY,"1,855,636"
Vest nam,THMOV056,Áo khoác blazer nam cao cấp,Áo vest blazer nam Merriman màu TAN,"2,778,545"
Vest nam,THMOV055,Bộ vest nam cao cấp,Bộ vest nam cao cấp Merriman màu BLACK,"2,474,182"
Vest nam,THMOV058,Bộ vest nam cao cấp,Vest bộ nam cao cấp Merriman màu Sand,"4,270,909"
Phụ kiện,THNIT41,Thắt lưng da,Thắt lưng da may viền màu ?en Merriman ,"638,182"
Phụ kiện,THNIT38,Thắt lưng da,Thắt lưng da chống trầy xước màu nâu Merriman ,"486,000"
Phụ kiện,THNIT39,Thắt lưng da,Thắt lưng da may viền màu nâu Merriman ,"672,545"
Phụ kiện,THNIT37,Thắt lưng da,Thắt lưng da chống trầy xước màu đen Merriman ,"486,000"
Phụ kiện,THNIT42,Thắt lưng da,Thắt lưng da may viền màu đen Merriman ,"638,182"
Phụ kiện,THVI33,Ví da nam cao cấp,Ví da nam cao cấp Merriman ,"419,236"
Phụ kiện,THVI34,Ví da nam cao cấp,Ví da nam cao cấp Merriman màu đen,"432,982"
Phụ kiện,THVI30,Ví da nam cao cấp,Ví da nam cao cấp Merriman màu nâu,"432,982"
Phụ kiện,THVI38,Ví da nam cao cấp,Ví nam da Merriman ,"618,545"
Phụ kiện,THVI35,Ví da nam cao cấp,Ví da nam cao cấp Merriman thanh lịch,"598,909"
Phụ kiện,THVI32,Ví da nam cao cấp,Ví da nam cao cấp Merriman lịch sự,"432,982"
Phụ kiện,THVI39,Ví da nam cao cấp,Ví da nam cao cấp Merriman ,"618,545"
Phụ kiện,THVI31,Ví da nam cao cấp,Ví da nam cao cấp Merriman ,"419,236"
Phụ kiện,THVI37,Ví da nam cao cấp,Ví da nam cao cấp Merriman màu đen ,"618,545"
Phụ kiện,THMT009,Tất kháng khuẩn khử mùi,Tất kháng khuẩn khử mùi cổ ngắn,"66,764"
Phụ kiện,THMT010,Tất kháng khuẩn khử mùi,Tất kháng khuẩn khử mùi cổ trung,"66,764"
Thời trang công sở nữ,THWSL017,Áo sơ mi nữ công sở,Áo sơ mi nữ công sở tay dài Merriman màu SKY,"412,364"
Thời trang công sở nữ,THWSL018,Áo sơ mi nữ công sở,Áo sơ mi nữ công sở tay dài Merriman màu Navy,"412,364"
Thời trang công sở nữ,THWSL019,Áo sơ mi nữ công sở,Áo sơ mi nữ công sở tay dài Merriman màu Cream,"412,364"
Thời trang công sở nữ,THWSK05,Chân váy nữ công sở,Chân váy nữ công sở Merriman màu D.Navy,"564,545"
Thời trang công sở nữ,THWSK06,Chân váy nữ công sở,Chân váy nữ bút chì Merriman màu ?en,"584,182"
Thời trang công sở nữ,THWSK08,Chân váy nữ công sở,Chân váy nữ công sở bút chì Merriman màu Navy,"603,818"
Thời trang công sở nữ,THWV6,Bộ vest nữ cao cấp,Áo vest nữ công sở Merriman  màu đen,"1,767,273"
Thời trang công sở nữ,THWSS015,Bộ vest nữ cao cấp,Áo sơ mi trắng nữ ngắn tay Merriman,"490,909"
Thời trang công sở nữ,THWSS011,Bộ vest nữ cao cấp,Áo sơ mi trắng nữ ngắn tay Merriman cao cấp,"371,127"
Thời trang công sở nữ,THWSL011,Bộ vest nữ cao cấp,Áo sơ mi nữ tay dài Merriman màu Lilact,"402,055"
Thời trang công sở nữ,THWP03,Quần tây nữ công sở,Quần tây nữ công sở cao cấp,"481,091"
Thời trang công sở nữ,THWV5,Bộ vest nữ cao cấp,Áo vest nữ cao cấp Merriman  màu Light Grey,"1,237,091"
Thời trang công sở nữ,THWV4,Bộ vest nữ cao cấp,Áo vest nữ cao cấp Merriman  màu D.Navy,"1,134,000"
